customer_id,customer_name,region,city,segment,acquisition_date,total_orders,total_spent,avg_order_value,last_order_date,churn_risk,loyalty_tier
CUST-0001,Customer_1,Central,Zhengzhou,Premium,2022-12-13,61,42741.48,700.68,2024-05-31,Low,Gold
CUST-0002,Customer_2,East,Shanghai,New,2024-03-12,32,24336.32,760.51,2024-01-29,Low,Bronze
CUST-0003,Customer_3,West,Chongqing,Regular,2023-03-23,27,14751.45,546.35,2024-11-13,Low,Bronze
CUST-0004,Customer_4,East,Hangzhou,Regular,2024-03-13,65,49380.5,759.7,2024-05-27,Low,Bronze
CUST-0005,Customer_5,Central,Zhengzhou,Premium,2024-06-02,6,3504.54,584.09,2025-01-01,Medium,Bronze
CUST-0006,Customer_6,North,Shenyang,Premium,2023-12-21,52,31085.08,597.79,2024-07-18,Low,Silver
CUST-0007,Customer_7,Central,Wuhan,Regular,2021-03-02,63,37579.5,596.5,2024-12-05,Low,Gold
CUST-0008,Customer_8,West,Xi'an,At-Risk,2023-04-15,48,27470.88,572.31,2024-05-21,Low,Bronze
CUST-0009,Customer_9,South,Shenzhen,New,2022-12-29,22,12769.9,580.45,2024-09-15,Low,Silver
CUST-0010,Customer_10,South,Guangzhou,At-Risk,2022-02-15,29,9088.6,313.4,2025-10-24,Low,Bronze
CUST-0011,Customer_11,East,Hangzhou,Premium,2023-12-09,32,2089.6,65.3,2025-09-12,Low,Gold
CUST-0012,Customer_12,Central,Wuhan,New,2021-07-15,21,1077.3,51.3,2025-06-25,Low,Platinum
CUST-0013,Customer_13,East,Hangzhou,New,2021-02-26,72,34021.44,472.52,2024-03-12,Low,Bronze
CUST-0014,Customer_14,South,Xiamen,At-Risk,2022-01-08,68,14537.04,213.78,2024-12-19,Low,Gold
CUST-0015,Customer_15,South,Xiamen,New,2024-03-21,22,15808.76,718.58,2025-12-24,Low,Bronze
CUST-0016,Customer_16,South,Xiamen,Regular,2023-07-01,3,1549.68,516.56,2025-07-04,Medium,Bronze
CUST-0017,Customer_17,North,Tianjin,New,2021-08-09,44,24739.88,562.27,2025-08-27,Low,Bronze
CUST-0018,Customer_18,North,Tianjin,Regular,2024-05-20,19,15162.19,798.01,2024-12-11,Medium,Bronze
CUST-0019,Customer_19,Central,Zhengzhou,At-Risk,2021-08-27,70,6937.0,99.1,2024-09-09,Low,Silver
CUST-0020,Customer_20,South,Guangzhou,Regular,2023-04-08,5,1593.7,318.74,2025-05-06,Medium,Bronze
CUST-0021,Customer_21,Central,Wuhan,Premium,2022-10-19,67,31640.75,472.25,2025-12-20,Low,Bronze
CUST-0022,Customer_22,West,Xi'an,Regular,2022-08-02,41,6216.01,151.61,2024-07-21,Low,Silver
CUST-0023,Customer_23,West,Chongqing,At-Risk,2023-02-12,10,4178.5,417.85,2025-05-18,Medium,Gold
CUST-0024,Customer_24,Central,Zhengzhou,At-Risk,2022-09-19,63,50035.86,794.22,2024-10-21,Low,Bronze
CUST-0025,Customer_25,North,Shenyang,Premium,2022-01-21,11,3083.74,280.34,2025-08-24,Medium,Bronze
CUST-0026,Customer_26,Central,Changsha,Regular,2022-10-05,6,2704.32,450.72,2024-02-18,Medium,Bronze
CUST-0027,Customer_27,West,Chengdu,New,2024-01-07,6,4006.86,667.81,2025-12-01,Medium,Bronze
CUST-0028,Customer_28,Central,Changsha,Regular,2023-11-08,47,26359.95,560.85,2024-02-15,Low,Bronze
CUST-0029,Customer_29,North,Tianjin,Regular,2022-03-30,40,4188.8,104.72,2024-07-27,Low,Silver
CUST-0030,Customer_30,Central,Changsha,Premium,2021-04-03,48,9816.96,204.52,2025-12-06,Low,Gold
CUST-0031,Customer_31,East,Shanghai,Regular,2022-11-09,22,17386.82,790.31,2024-08-21,Low,Silver
CUST-0032,Customer_32,West,Chengdu,Regular,2021-10-18,76,17831.88,234.63,2025-11-15,Low,Silver
CUST-0033,Customer_33,West,Xi'an,New,2022-02-24,34,12134.6,356.9,2024-01-11,Low,Silver
CUST-0034,Customer_34,West,Chongqing,New,2022-01-24,62,14884.34,240.07,2024-01-11,Low,Bronze
CUST-0035,Customer_35,West,Chengdu,At-Risk,2021-09-21,28,2880.92,102.89,2024-04-27,Low,Gold
CUST-0036,Customer_36,West,Chengdu,Regular,2024-01-05,41,7196.73,175.53,2024-09-19,Low,Bronze
CUST-0037,Customer_37,West,Chongqing,New,2022-08-07,72,17720.64,246.12,2024-05-02,Low,Silver
CUST-0038,Customer_38,South,Shenzhen,At-Risk,2022-02-16,16,7018.72,438.67,2024-02-06,Medium,Silver
CUST-0039,Customer_39,North,Beijing,Regular,2021-03-19,49,9229.64,188.36,2025-12-11,Low,Bronze
CUST-0040,Customer_40,South,Guangzhou,New,2023-06-17,18,6867.36,381.52,2024-02-12,Medium,Bronze
CUST-0041,Customer_41,Central,Wuhan,Regular,2022-10-14,5,2383.0,476.6,2024-06-05,Medium,Silver
CUST-0042,Customer_42,East,Shanghai,New,2023-08-05,25,18154.25,726.17,2024-02-27,Low,Silver
CUST-0043,Customer_43,South,Guangzhou,Premium,2022-04-07,23,11969.43,520.41,2024-12-09,Low,Bronze
CUST-0044,Customer_44,West,Chengdu,At-Risk,2021-05-23,31,15538.75,501.25,2024-10-21,Low,Bronze
CUST-0045,Customer_45,South,Xiamen,New,2021-04-27,14,7889.98,563.57,2025-02-23,Medium,Bronze
CUST-0046,Customer_46,North,Shenyang,Regular,2022-10-21,47,3704.54,78.82,2024-04-16,Low,Bronze
CUST-0047,Customer_47,North,Tianjin,Premium,2024-02-27,7,4621.96,660.28,2025-08-03,Medium,Gold
CUST-0048,Customer_48,South,Xiamen,Premium,2024-02-29,69,7275.36,105.44,2025-10-26,Low,Bronze
CUST-0049,Customer_49,West,Xi'an,At-Risk,2022-08-02,78,26526.24,340.08,2024-08-31,Low,Bronze
CUST-0050,Customer_50,Central,Zhengzhou,New,2023-07-21,61,45113.77,739.57,2024-06-05,Low,Silver
CUST-0051,Customer_51,East,Shanghai,Regular,2022-08-11,22,16990.16,772.28,2025-02-01,Low,Bronze
CUST-0052,Customer_52,South,Guangzhou,Premium,2023-06-04,38,6003.62,157.99,2025-04-15,Low,Silver
CUST-0053,Customer_53,Central,Wuhan,At-Risk,2021-09-14,80,25176.8,314.71,2025-02-19,Low,Silver
CUST-0054,Customer_54,West,Chongqing,At-Risk,2023-06-29,49,19484.36,397.64,2024-12-11,Low,Silver
CUST-0055,Customer_55,West,Chengdu,Regular,2022-05-19,27,15779.88,584.44,2025-08-05,Low,Gold
CUST-0056,Customer_56,Central,Zhengzhou,At-Risk,2024-01-28,52,17217.72,331.11,2024-11-10,Low,Silver
CUST-0057,Customer_57,South,Guangzhou,Premium,2024-01-17,57,15688.68,275.24,2025-09-30,Low,Silver
CUST-0058,Customer_58,South,Shenzhen,New,2024-02-04,20,10894.8,544.74,2025-06-13,Medium,Silver
CUST-0059,Customer_59,West,Chengdu,Regular,2023-03-02,72,39618.0,550.25,2024-10-06,Low,Bronze
CUST-0060,Customer_60,Central,Wuhan,At-Risk,2024-03-23,25,4075.25,163.01,2024-11-20,Low,Silver
CUST-0061,Customer_61,South,Guangzhou,New,2024-06-04,78,34939.32,447.94,2025-10-05,Low,Bronze
CUST-0062,Customer_62,North,Beijing,Premium,2021-02-13,1,740.13,740.13,2024-02-24,High,Silver
CUST-0063,Customer_63,North,Tianjin,New,2022-02-20,19,14600.93,768.47,2024-11-10,Medium,Bronze
CUST-0064,Customer_64,East,Nanjing,New,2024-04-09,57,23160.24,406.32,2025-12-21,Low,Gold
CUST-0065,Customer_65,East,Shanghai,Regular,2021-11-08,20,7227.8,361.39,2025-06-29,Medium,Bronze
CUST-0066,Customer_66,West,Chengdu,At-Risk,2022-07-30,31,24244.79,782.09,2025-11-10,Low,Bronze
CUST-0067,Customer_67,West,Chengdu,Premium,2021-10-05,48,19421.28,404.61,2025-05-03,Low,Gold
CUST-0068,Customer_68,North,Shenyang,New,2023-06-23,74,35440.82,478.93,2025-04-03,Low,Bronze
CUST-0069,Customer_69,West,Xi'an,New,2022-11-27,10,7148.7,714.87,2024-03-11,Medium,Gold
CUST-0070,Customer_70,Central,Zhengzhou,At-Risk,2021-11-03,14,11125.38,794.67,2025-11-15,Medium,Gold
CUST-0071,Customer_71,East,Hangzhou,Premium,2022-12-28,77,60651.36,787.68,2025-05-21,Low,Platinum
CUST-0072,Customer_72,Central,Zhengzhou,Regular,2023-01-18,32,6208.64,194.02,2024-10-13,Low,Bronze
CUST-0073,Customer_73,North,Tianjin,New,2021-12-08,6,3222.3,537.05,2025-12-18,Medium,Silver
CUST-0074,Customer_74,West,Chongqing,New,2021-03-24,34,20825.0,612.5,2025-11-03,Low,Silver
CUST-0075,Customer_75,North,Tianjin,Premium,2021-09-25,79,4582.79,58.01,2025-08-10,Low,Platinum
CUST-0076,Customer_76,West,Chengdu,At-Risk,2023-02-18,49,3772.51,76.99,2025-11-19,Low,Silver
CUST-0077,Customer_77,West,Chongqing,New,2023-11-16,54,19191.6,355.4,2024-12-16,Low,Gold
CUST-0078,Customer_78,East,Nanjing,New,2024-02-06,24,9998.88,416.62,2024-09-30,Low,Gold
CUST-0079,Customer_79,West,Xi'an,Premium,2022-10-15,65,46920.9,721.86,2024-01-24,Low,Bronze
CUST-0080,Customer_80,North,Beijing,Premium,2021-12-29,47,4639.84,98.72,2025-08-08,Low,Bronze
CUST-0081,Customer_81,North,Beijing,Premium,2021-01-28,43,30212.66,702.62,2025-09-24,Low,Gold
CUST-0082,Customer_82,Central,Changsha,At-Risk,2022-11-09,13,6622.46,509.42,2024-02-27,Medium,Bronze
CUST-0083,Customer_83,South,Xiamen,Premium,2022-01-16,11,6475.59,588.69,2024-04-03,Medium,Platinum
CUST-0084,Customer_84,South,Shenzhen,Premium,2021-06-12,49,14224.7,290.3,2025-06-26,Low,Gold
CUST-0085,Customer_85,South,Xiamen,At-Risk,2024-05-24,23,9243.93,401.91,2025-11-23,Low,Bronze
CUST-0086,Customer_86,North,Tianjin,Regular,2023-11-06,0,0,0,,High,Bronze
CUST-0087,Customer_87,North,Beijing,Regular,2022-06-24,18,12755.34,708.63,2025-08-12,Medium,Bronze
CUST-0088,Customer_88,North,Shenyang,Premium,2022-01-21,23,15788.58,686.46,2024-08-21,Low,Gold
CUST-0089,Customer_89,Central,Zhengzhou,At-Risk,2023-11-04,36,7692.84,213.69,2024-09-13,Low,Bronze
CUST-0090,Customer_90,South,Xiamen,Premium,2022-05-31,36,22165.92,615.72,2024-03-07,Low,Gold
CUST-0091,Customer_91,West,Chongqing,Premium,2024-06-23,55,6047.8,109.96,2025-04-01,Low,Platinum
CUST-0092,Customer_92,North,Tianjin,New,2024-05-25,8,3815.2,476.9,2024-11-22,Medium,Silver
CUST-0093,Customer_93,West,Chongqing,At-Risk,2022-09-07,62,17676.82,285.11,2024-07-13,Low,Silver
CUST-0094,Customer_94,South,Shenzhen,New,2023-04-20,59,41888.82,709.98,2024-11-28,Low,Bronze
CUST-0095,Customer_95,West,Chongqing,At-Risk,2023-07-16,19,2974.64,156.56,2025-01-29,Medium,Silver
CUST-0096,Customer_96,North,Beijing,New,2023-02-21,80,12963.2,162.04,2025-01-09,Low,Platinum
CUST-0097,Customer_97,South,Shenzhen,Regular,2022-03-21,12,747.48,62.29,2025-04-28,Medium,Gold
CUST-0098,Customer_98,East,Shanghai,Premium,2023-10-16,50,8437.0,168.74,2025-07-16,Low,Silver
CUST-0099,Customer_99,South,Guangzhou,At-Risk,2023-06-06,55,41827.5,760.5,2024-06-12,Low,Silver
CUST-0100,Customer_100,North,Tianjin,Premium,2021-05-18,41,23760.32,579.52,2025-09-14,Low,Silver
CUST-0101,Customer_101,South,Xiamen,At-Risk,2022-03-20,53,22147.64,417.88,2024-11-11,Low,Bronze
CUST-0102,Customer_102,East,Nanjing,New,2024-06-20,54,27470.88,508.72,2025-09-05,Low,Gold
CUST-0103,Customer_103,East,Hangzhou,New,2021-09-20,47,22278.0,474.0,2025-04-29,Low,Gold
CUST-0104,Customer_104,West,Chongqing,At-Risk,2022-05-20,26,19719.18,758.43,2025-12-05,Low,Silver
CUST-0105,Customer_105,East,Nanjing,At-Risk,2022-07-29,71,21695.47,305.57,2024-12-05,Low,Bronze
CUST-0106,Customer_106,South,Guangzhou,Regular,2024-04-29,78,17765.28,227.76,2024-09-12,Low,Silver
CUST-0107,Customer_107,West,Chengdu,New,2023-11-13,12,4057.32,338.11,2024-05-31,Medium,Bronze
CUST-0108,Customer_108,North,Shenyang,At-Risk,2023-08-06,77,55849.64,725.32,2024-09-29,Low,Gold
CUST-0109,Customer_109,West,Chengdu,New,2021-10-21,46,31548.18,685.83,2024-03-01,Low,Silver
CUST-0110,Customer_110,South,Xiamen,Premium,2022-11-02,45,30088.35,668.63,2025-05-09,Low,Bronze
CUST-0111,Customer_111,East,Hangzhou,At-Risk,2022-10-06,77,54855.57,712.41,2024-07-23,Low,Bronze
CUST-0112,Customer_112,South,Xiamen,Premium,2022-08-29,7,4211.34,601.62,2024-07-18,Medium,Bronze
CUST-0113,Customer_113,Central,Zhengzhou,Regular,2023-02-10,54,31075.92,575.48,2024-01-12,Low,Silver
CUST-0114,Customer_114,South,Shenzhen,New,2021-02-21,3,1616.19,538.73,2025-03-07,Medium,Gold
CUST-0115,Customer_115,West,Chengdu,At-Risk,2023-02-22,71,11908.83,167.73,2025-03-30,Low,Bronze
CUST-0116,Customer_116,North,Tianjin,At-Risk,2022-07-20,25,14493.0,579.72,2025-04-09,Low,Silver
CUST-0117,Customer_117,Central,Wuhan,New,2021-02-04,15,1339.8,89.32,2024-11-30,Medium,Bronze
CUST-0118,Customer_118,East,Shanghai,New,2023-02-08,70,4837.0,69.1,2025-03-20,Low,Bronze
CUST-0119,Customer_119,West,Chengdu,New,2024-06-09,4,2130.88,532.72,2024-11-27,Medium,Bronze
CUST-0120,Customer_120,Central,Wuhan,Premium,2021-09-28,63,6168.33,97.91,2024-03-10,Low,Gold
CUST-0121,Customer_121,North,Shenyang,Regular,2022-04-27,11,6775.89,615.99,2024-12-31,Medium,Silver
CUST-0122,Customer_122,West,Chongqing,Premium,2023-10-06,51,23400.33,458.83,2025-06-21,Low,Silver
CUST-0123,Customer_123,West,Xi'an,Regular,2024-01-28,11,7268.47,660.77,2025-04-04,Medium,Gold
CUST-0124,Customer_124,East,Shanghai,Regular,2021-04-26,71,4840.07,68.17,2025-10-20,Low,Bronze
CUST-0125,Customer_125,South,Guangzhou,Premium,2021-03-28,28,17329.2,618.9,2024-06-05,Low,Bronze
CUST-0126,Customer_126,South,Xiamen,New,2022-10-24,49,30231.53,616.97,2025-11-17,Low,Silver
CUST-0127,Customer_127,Central,Zhengzhou,At-Risk,2021-02-18,53,24513.56,462.52,2024-02-11,Low,Silver
CUST-0128,Customer_128,North,Beijing,Regular,2024-04-08,62,3432.32,55.36,2025-12-19,Low,Gold
CUST-0129,Customer_129,East,Nanjing,Regular,2023-03-25,27,4433.13,164.19,2024-01-08,Low,Bronze
CUST-0130,Customer_130,Central,Zhengzhou,New,2024-02-14,47,20358.52,433.16,2024-06-12,Low,Bronze
CUST-0131,Customer_131,Central,Zhengzhou,New,2022-02-05,41,29661.45,723.45,2025-02-06,Low,Gold
CUST-0132,Customer_132,East,Hangzhou,Premium,2023-07-02,77,59736.6,775.8,2025-11-18,Low,Bronze
CUST-0133,Customer_133,West,Chengdu,Regular,2021-08-19,5,1702.95,340.59,2024-04-19,Medium,Bronze
CUST-0134,Customer_134,South,Shenzhen,New,2022-03-15,75,49755.0,663.4,2025-01-04,Low,Silver
CUST-0135,Customer_135,South,Xiamen,New,2022-03-21,65,4410.9,67.86,2024-01-13,Low,Silver
CUST-0136,Customer_136,South,Guangzhou,Regular,2023-10-21,49,28909.02,589.98,2025-04-13,Low,Bronze
CUST-0137,Customer_137,Central,Wuhan,At-Risk,2023-09-11,71,35326.76,497.56,2025-11-14,Low,Bronze
CUST-0138,Customer_138,South,Shenzhen,Premium,2021-01-01,3,1543.38,514.46,2024-01-12,High,Bronze
CUST-0139,Customer_139,North,Tianjin,At-Risk,2023-02-21,72,55505.52,770.91,2024-04-09,Low,Gold
CUST-0140,Customer_140,South,Xiamen,Regular,2023-05-17,47,5032.29,107.07,2025-03-03,Low,Bronze
CUST-0141,Customer_141,East,Shanghai,Premium,2022-09-11,18,4446.72,247.04,2024-07-28,Medium,Gold
CUST-0142,Customer_142,North,Tianjin,Regular,2021-01-30,14,1603.98,114.57,2024-08-28,Medium,Silver
CUST-0143,Customer_143,Central,Changsha,New,2022-07-08,2,1154.32,577.16,2025-05-06,Medium,Gold
CUST-0144,Customer_144,South,Shenzhen,Premium,2023-03-26,48,3476.16,72.42,2025-05-24,Low,Silver
CUST-0145,Customer_145,West,Chongqing,Regular,2021-01-28,73,52783.38,723.06,2025-11-03,Low,Gold
CUST-0146,Customer_146,East,Nanjing,New,2023-09-09,25,16286.5,651.46,2024-01-25,Low,Bronze
CUST-0147,Customer_147,South,Shenzhen,At-Risk,2021-01-04,5,3525.7,705.14,2025-03-21,Medium,Bronze
CUST-0148,Customer_148,West,Chengdu,Premium,2022-08-10,46,5350.26,116.31,2025-01-11,Low,Silver
CUST-0149,Customer_149,West,Xi'an,Regular,2023-02-04,47,27948.55,594.65,2025-07-07,Low,Gold
CUST-0150,Customer_150,East,Hangzhou,Regular,2024-04-03,51,16783.08,329.08,2024-12-21,Low,Bronze
CUST-0151,Customer_151,South,Xiamen,At-Risk,2024-01-16,52,16653.0,320.25,2025-03-18,Low,Gold
CUST-0152,Customer_152,East,Shanghai,New,2023-01-05,59,22896.72,388.08,2025-07-06,Low,Bronze
CUST-0153,Customer_153,South,Shenzhen,New,2023-11-04,80,12703.2,158.79,2024-12-15,Low,Bronze
CUST-0154,Customer_154,South,Xiamen,Regular,2022-02-26,50,5565.5,111.31,2025-03-05,Low,Bronze
CUST-0155,Customer_155,Central,Changsha,Premium,2023-12-01,13,6260.8,481.6,2024-09-17,Medium,Bronze
CUST-0156,Customer_156,South,Xiamen,Regular,2022-11-17,62,8536.78,137.69,2025-01-17,Low,Bronze
CUST-0157,Customer_157,West,Xi'an,At-Risk,2022-03-25,73,22874.55,313.35,2025-02-21,Low,Bronze
CUST-0158,Customer_158,North,Beijing,At-Risk,2021-11-15,24,14091.6,587.15,2025-05-31,Low,Bronze
CUST-0159,Customer_159,West,Chengdu,Premium,2022-09-20,30,18505.5,616.85,2024-11-06,Low,Bronze
CUST-0160,Customer_160,Central,Changsha,Premium,2022-01-27,3,186.48,62.16,2024-10-29,Medium,Gold
CUST-0161,Customer_161,South,Xiamen,Premium,2021-05-18,32,12462.4,389.45,2024-05-01,Low,Silver
CUST-0162,Customer_162,East,Nanjing,At-Risk,2021-01-22,76,20912.16,275.16,2025-02-01,Low,Silver
CUST-0163,Customer_163,East,Hangzhou,At-Risk,2024-06-13,75,6105.75,81.41,2025-05-18,Low,Bronze
CUST-0164,Customer_164,West,Chongqing,New,2021-03-05,32,18415.04,575.47,2025-01-27,Low,Bronze
CUST-0165,Customer_165,North,Tianjin,New,2023-10-02,3,1004.94,334.98,2025-05-14,Medium,Bronze
CUST-0166,Customer_166,North,Tianjin,New,2024-01-19,11,1234.42,112.22,2025-10-08,Medium,Bronze
CUST-0167,Customer_167,West,Chongqing,New,2022-05-10,77,60676.0,788.0,2024-02-05,Low,Silver
CUST-0168,Customer_168,Central,Changsha,At-Risk,2022-03-20,78,27920.88,357.96,2024-01-11,Low,Bronze
CUST-0169,Customer_169,Central,Changsha,Premium,2023-11-03,56,5701.92,101.82,2024-07-04,Low,Silver
CUST-0170,Customer_170,Central,Zhengzhou,Premium,2022-06-03,74,10230.5,138.25,2025-06-13,Low,Silver
CUST-0171,Customer_171,West,Chongqing,Regular,2021-03-23,37,18531.08,500.84,2025-03-12,Low,Gold
CUST-0172,Customer_172,South,Shenzhen,Regular,2023-09-15,62,14680.36,236.78,2025-01-31,Low,Bronze
CUST-0173,Customer_173,South,Guangzhou,Premium,2022-09-12,23,5004.11,217.57,2025-11-30,Low,Bronze
CUST-0174,Customer_174,West,Chengdu,At-Risk,2021-08-26,12,2079.84,173.32,2024-05-15,Medium,Bronze
CUST-0175,Customer_175,Central,Changsha,Premium,2023-06-17,63,20475.63,325.01,2025-12-16,Low,Silver
CUST-0176,Customer_176,Central,Changsha,New,2024-01-19,13,4731.61,363.97,2024-02-04,Medium,Silver
CUST-0177,Customer_177,Central,Changsha,At-Risk,2021-05-18,8,923.44,115.43,2025-11-11,Medium,Silver
CUST-0178,Customer_178,West,Xi'an,Regular,2021-10-09,15,1021.2,68.08,2024-03-29,Medium,Bronze
CUST-0179,Customer_179,South,Guangzhou,New,2024-02-16,33,13477.53,408.41,2025-11-03,Low,Gold
CUST-0180,Customer_180,West,Chengdu,Premium,2022-04-21,25,4013.5,160.54,2024-05-16,Low,Bronze
CUST-0181,Customer_181,West,Chengdu,New,2021-05-03,65,41669.55,641.07,2024-04-25,Low,Bronze
CUST-0182,Customer_182,East,Nanjing,Premium,2022-09-14,17,4924.05,289.65,2024-09-06,Medium,Bronze
CUST-0183,Customer_183,South,Shenzhen,At-Risk,2023-09-07,61,12845.99,210.59,2024-06-25,Low,Silver
CUST-0184,Customer_184,Central,Wuhan,Regular,2021-09-18,65,10338.25,159.05,2024-03-10,Low,Silver
CUST-0185,Customer_185,North,Shenyang,Regular,2022-05-21,80,49204.8,615.06,2025-10-02,Low,Silver
CUST-0186,Customer_186,South,Guangzhou,At-Risk,2021-05-03,55,4519.9,82.18,2024-11-24,Low,Bronze
CUST-0187,Customer_187,North,Beijing,New,2023-03-12,57,28775.31,504.83,2024-08-18,Low,Bronze
CUST-0188,Customer_188,South,Guangzhou,At-Risk,2021-11-19,30,14976.9,499.23,2024-10-21,Low,Silver
CUST-0189,Customer_189,North,Tianjin,Premium,2023-05-05,8,3770.16,471.27,2025-12-22,Medium,Bronze
CUST-0190,Customer_190,South,Xiamen,Premium,2023-01-27,35,12073.25,344.95,2025-04-20,Low,Bronze
CUST-0191,Customer_191,East,Hangzhou,New,2022-09-24,60,26014.8,433.58,2025-01-30,Low,Bronze
CUST-0192,Customer_192,Central,Changsha,Regular,2023-08-20,43,5084.32,118.24,2025-05-16,Low,Bronze
CUST-0193,Customer_193,Central,Changsha,Premium,2022-05-31,80,20092.8,251.16,2024-10-04,Low,Bronze
CUST-0194,Customer_194,Central,Changsha,Regular,2022-10-04,41,29946.81,730.41,2025-08-02,Low,Gold
CUST-0195,Customer_195,East,Shanghai,New,2023-11-27,52,13462.28,258.89,2025-09-04,Low,Silver
CUST-0196,Customer_196,South,Xiamen,Regular,2022-08-28,24,13567.92,565.33,2025-01-05,Low,Bronze
CUST-0197,Customer_197,Central,Zhengzhou,Regular,2023-08-06,74,32565.92,440.08,2024-04-30,Low,Bronze
CUST-0198,Customer_198,East,Nanjing,Regular,2022-02-26,76,48826.96,642.46,2024-12-11,Low,Gold
CUST-0199,Customer_199,West,Chongqing,Regular,2023-03-14,61,35854.58,587.78,2025-08-04,Low,Silver
CUST-0200,Customer_200,East,Shanghai,New,2024-05-26,9,2154.6,239.4,2025-01-20,Medium,Bronze
CUST-0201,Customer_201,West,Chengdu,Premium,2022-01-22,32,23867.2,745.85,2025-04-10,Low,Bronze
CUST-0202,Customer_202,Central,Changsha,New,2023-11-13,72,26306.64,365.37,2024-09-29,Low,Gold
CUST-0203,Customer_203,West,Xi'an,At-Risk,2024-05-04,13,5294.64,407.28,2025-01-31,Medium,Silver
CUST-0204,Customer_204,South,Shenzhen,Premium,2023-01-11,6,484.68,80.78,2024-03-12,Medium,Silver
CUST-0205,Customer_205,Central,Changsha,New,2021-09-18,12,8931.72,744.31,2025-12-04,Medium,Silver
CUST-0206,Customer_206,North,Shenyang,Premium,2021-01-21,14,4244.8,303.2,2025-10-01,Medium,Bronze
CUST-0207,Customer_207,East,Hangzhou,Regular,2022-04-18,28,14384.44,513.73,2025-08-07,Low,Bronze
CUST-0208,Customer_208,Central,Zhengzhou,Regular,2021-11-07,2,930.56,465.28,2024-11-20,Medium,Bronze
CUST-0209,Customer_209,South,Guangzhou,Regular,2024-01-15,78,4920.24,63.08,2024-06-13,Low,Gold
CUST-0210,Customer_210,Central,Zhengzhou,At-Risk,2021-09-13,12,2815.68,234.64,2025-02-20,Medium,Silver
CUST-0211,Customer_211,West,Xi'an,Regular,2021-12-22,28,7268.8,259.6,2024-01-04,Low,Silver
CUST-0212,Customer_212,East,Hangzhou,At-Risk,2023-07-03,27,6051.78,224.14,2024-03-24,Low,Silver
CUST-0213,Customer_213,West,Chongqing,Regular,2023-02-27,78,47815.56,613.02,2024-01-24,Low,Bronze
CUST-0214,Customer_214,East,Shanghai,At-Risk,2023-06-14,67,20550.24,306.72,2024-01-22,Low,Silver
CUST-0215,Customer_215,Central,Zhengzhou,At-Risk,2024-05-27,26,8572.72,329.72,2025-12-21,Low,Gold
CUST-0216,Customer_216,West,Chengdu,At-Risk,2022-03-01,27,7712.82,285.66,2025-02-18,Low,Silver
CUST-0217,Customer_217,East,Shanghai,At-Risk,2024-05-14,60,46229.4,770.49,2025-12-03,Low,Bronze
CUST-0218,Customer_218,South,Xiamen,Premium,2023-07-16,2,683.3,341.65,2024-12-19,Medium,Silver
CUST-0219,Customer_219,North,Tianjin,At-Risk,2023-07-02,54,6323.4,117.1,2024-09-18,Low,Silver
CUST-0220,Customer_220,East,Hangzhou,New,2023-09-08,20,3528.2,176.41,2025-08-22,Medium,Bronze
CUST-0221,Customer_221,Central,Changsha,Regular,2021-03-16,48,15524.64,323.43,2024-08-22,Low,Gold
CUST-0222,Customer_222,South,Shenzhen,Premium,2022-05-28,10,4439.4,443.94,2024-09-18,Medium,Silver
CUST-0223,Customer_223,East,Shanghai,At-Risk,2022-07-25,23,5101.86,221.82,2024-11-15,Low,Gold
CUST-0224,Customer_224,North,Beijing,Premium,2024-06-25,6,2876.76,479.46,2024-06-29,Medium,Silver
CUST-0225,Customer_225,West,Chongqing,Regular,2022-04-29,2,1311.6,655.8,2024-07-19,Medium,Bronze
CUST-0226,Customer_226,North,Beijing,Premium,2022-07-06,22,9910.12,450.46,2025-04-18,Low,Bronze
CUST-0227,Customer_227,East,Nanjing,Regular,2021-11-09,68,50939.48,749.11,2024-09-08,Low,Bronze
CUST-0228,Customer_228,East,Shanghai,New,2023-11-18,2,851.36,425.68,2024-02-28,High,Silver
CUST-0229,Customer_229,South,Shenzhen,At-Risk,2021-11-16,16,3703.04,231.44,2025-09-15,Medium,Bronze
CUST-0230,Customer_230,Central,Zhengzhou,At-Risk,2022-05-19,58,10518.88,181.36,2024-04-22,Low,Bronze
CUST-0231,Customer_231,South,Xiamen,Premium,2021-05-18,48,7292.64,151.93,2024-10-21,Low,Silver
CUST-0232,Customer_232,West,Xi'an,At-Risk,2024-02-02,69,41032.92,594.68,2025-06-21,Low,Silver
CUST-0233,Customer_233,Central,Zhengzhou,At-Risk,2022-05-30,67,50427.55,752.65,2024-06-19,Low,Bronze
CUST-0234,Customer_234,West,Chengdu,Premium,2022-02-28,9,4498.65,499.85,2025-01-11,Medium,Bronze
CUST-0235,Customer_235,North,Shenyang,At-Risk,2023-02-23,48,13182.72,274.64,2024-01-25,Low,Silver
CUST-0236,Customer_236,South,Shenzhen,Regular,2023-06-11,18,6974.28,387.46,2025-08-27,Medium,Bronze
CUST-0237,Customer_237,South,Xiamen,New,2023-03-23,31,4858.94,156.74,2024-08-20,Low,Bronze
CUST-0238,Customer_238,East,Hangzhou,At-Risk,2023-08-14,59,19392.12,328.68,2024-07-28,Low,Silver
CUST-0239,Customer_239,West,Chengdu,Regular,2021-10-26,12,3258.72,271.56,2024-02-24,Medium,Silver
CUST-0240,Customer_240,West,Xi'an,At-Risk,2021-06-09,76,20554.96,270.46,2025-06-08,Low,Bronze
CUST-0241,Customer_241,North,Tianjin,Premium,2022-12-23,42,8194.62,195.11,2025-06-02,Low,Gold
CUST-0242,Customer_242,North,Beijing,New,2021-05-03,3,1296.39,432.13,2025-10-07,Medium,Bronze
CUST-0243,Customer_243,North,Tianjin,At-Risk,2022-11-16,78,30827.16,395.22,2025-09-28,Low,Silver
CUST-0244,Customer_244,East,Shanghai,Premium,2023-06-17,62,23253.72,375.06,2025-06-10,Low,Platinum
CUST-0245,Customer_245,Central,Changsha,Premium,2021-11-11,48,14285.28,297.61,2025-03-26,Low,Bronze
CUST-0246,Customer_246,East,Shanghai,Regular,2022-02-07,11,5639.26,512.66,2024-10-09,Medium,Silver
CUST-0247,Customer_247,North,Beijing,New,2021-01-25,17,3329.79,195.87,2025-08-05,Medium,Gold
CUST-0248,Customer_248,South,Guangzhou,New,2022-03-08,0,0,0,,High,Bronze
CUST-0249,Customer_249,North,Beijing,Premium,2022-06-28,61,39055.86,640.26,2024-08-12,Low,Silver
CUST-0250,Customer_250,South,Xiamen,At-Risk,2021-08-22,10,5520.6,552.06,2024-12-16,Medium,Bronze
CUST-0251,Customer_251,East,Hangzhou,New,2024-03-27,71,32726.74,460.94,2024-12-04,Low,Bronze
CUST-0252,Customer_252,East,Nanjing,Regular,2024-04-22,66,37088.7,561.95,2025-08-31,Low,Bronze
CUST-0253,Customer_253,South,Shenzhen,Premium,2023-06-08,61,15502.54,254.14,2025-06-05,Low,Silver
CUST-0254,Customer_254,West,Chengdu,New,2022-06-12,13,8684.65,668.05,2025-07-22,Medium,Silver
CUST-0255,Customer_255,South,Shenzhen,At-Risk,2021-11-10,12,6876.48,573.04,2025-06-01,Medium,Silver
CUST-0256,Customer_256,West,Chongqing,New,2022-09-05,10,2318.7,231.87,2025-09-30,Medium,Silver
CUST-0257,Customer_257,North,Tianjin,Premium,2023-06-12,51,33726.3,661.3,2024-06-06,Low,Silver
CUST-0258,Customer_258,North,Tianjin,New,2021-08-31,39,8843.64,226.76,2025-05-18,Low,Bronze
CUST-0259,Customer_259,West,Xi'an,Regular,2023-04-11,55,37789.95,687.09,2024-10-20,Low,Silver
CUST-0260,Customer_260,South,Guangzhou,Regular,2024-05-09,41,20298.28,495.08,2024-03-25,Low,Gold
CUST-0261,Customer_261,North,Shenyang,Premium,2021-11-04,69,25627.29,371.41,2024-04-04,Low,Bronze
CUST-0262,Customer_262,South,Shenzhen,Premium,2023-08-24,22,1639.22,74.51,2024-10-25,Low,Bronze
CUST-0263,Customer_263,East,Nanjing,New,2024-03-17,11,883.52,80.32,2024-11-13,Medium,Silver
CUST-0264,Customer_264,North,Shenyang,Premium,2021-03-22,78,3912.48,50.16,2024-07-15,Low,Bronze
CUST-0265,Customer_265,West,Chongqing,Premium,2022-07-02,75,20142.75,268.57,2025-06-22,Low,Gold
CUST-0266,Customer_266,Central,Zhengzhou,Regular,2021-05-14,59,29773.17,504.63,2024-09-23,Low,Gold
CUST-0267,Customer_267,Central,Wuhan,At-Risk,2024-05-27,28,15869.56,566.77,2024-02-02,Low,Silver
CUST-0268,Customer_268,East,Nanjing,Regular,2023-08-27,57,18186.42,319.06,2025-06-05,Low,Silver
CUST-0269,Customer_269,West,Chongqing,Regular,2022-09-26,41,8524.31,207.91,2025-04-17,Low,Gold
CUST-0270,Customer_270,South,Shenzhen,Premium,2021-05-01,75,52977.0,706.36,2024-05-31,Low,Gold
CUST-0271,Customer_271,West,Chengdu,Regular,2021-05-31,36,22600.08,627.78,2025-12-05,Low,Silver
CUST-0272,Customer_272,South,Xiamen,At-Risk,2023-06-11,52,7381.92,141.96,2025-10-21,Low,Bronze
CUST-0273,Customer_273,Central,Changsha,New,2022-03-06,60,32528.4,542.14,2025-01-07,Low,Gold
CUST-0274,Customer_274,South,Guangzhou,Premium,2021-04-11,4,2723.36,680.84,2024-09-15,Medium,Silver
CUST-0275,Customer_275,West,Chongqing,At-Risk,2022-10-25,57,8531.76,149.68,2024-11-30,Low,Bronze
CUST-0276,Customer_276,West,Xi'an,New,2024-03-06,23,1278.34,55.58,2024-06-17,Low,Bronze
CUST-0277,Customer_277,West,Chengdu,At-Risk,2022-11-17,18,1467.36,81.52,2024-05-23,Medium,Silver
CUST-0278,Customer_278,Central,Zhengzhou,New,2022-02-19,23,8358.2,363.4,2024-01-10,Low,Bronze
CUST-0279,Customer_279,East,Nanjing,New,2022-11-22,0,0,0,,High,Bronze
CUST-0280,Customer_280,North,Tianjin,Regular,2022-03-09,18,5389.02,299.39,2025-11-05,Medium,Bronze
CUST-0281,Customer_281,Central,Zhengzhou,At-Risk,2023-12-19,75,38201.25,509.35,2025-09-18,Low,Gold
CUST-0282,Customer_282,North,Tianjin,New,2024-01-09,58,4836.62,83.39,2024-12-06,Low,Platinum
CUST-0283,Customer_283,Central,Changsha,Premium,2023-08-30,53,39579.87,746.79,2025-09-15,Low,Bronze
CUST-0284,Customer_284,East,Nanjing,Regular,2023-07-10,33,9081.93,275.21,2025-10-29,Low,Bronze
CUST-0285,Customer_285,South,Xiamen,New,2023-03-20,33,1755.93,53.21,2024-08-22,Low,Platinum
CUST-0286,Customer_286,West,Chengdu,At-Risk,2021-01-05,55,4720.1,85.82,2024-03-18,Low,Bronze
CUST-0287,Customer_287,East,Nanjing,At-Risk,2021-02-03,64,44890.24,701.41,2025-10-17,Low,Bronze
CUST-0288,Customer_288,Central,Changsha,Premium,2023-10-15,74,15544.44,210.06,2025-11-08,Low,Bronze
CUST-0289,Customer_289,North,Beijing,At-Risk,2024-02-23,42,7683.06,182.93,2025-11-02,Low,Silver
CUST-0290,Customer_290,West,Chengdu,New,2022-05-18,61,3996.72,65.52,2024-05-12,Low,Bronze
CUST-0291,Customer_291,East,Shanghai,New,2022-06-11,53,9084.2,171.4,2025-03-12,Low,Silver
CUST-0292,Customer_292,South,Guangzhou,Premium,2022-08-15,39,31137.99,798.41,2025-12-09,Low,Bronze
CUST-0293,Customer_293,North,Beijing,Regular,2021-09-06,0,0,0,,High,Bronze
CUST-0294,Customer_294,South,Shenzhen,New,2022-01-02,14,8731.52,623.68,2024-12-11,Medium,Gold
CUST-0295,Customer_295,Central,Zhengzhou,Premium,2023-09-13,78,20180.94,258.73,2024-03-26,Low,Silver
CUST-0296,Customer_296,North,Tianjin,Regular,2023-03-06,24,11015.52,458.98,2024-09-13,Low,Bronze
CUST-0297,Customer_297,Central,Wuhan,Premium,2021-11-29,18,5518.44,306.58,2025-06-18,Medium,Bronze
CUST-0298,Customer_298,Central,Wuhan,At-Risk,2022-12-21,3,915.42,305.14,2025-02-02,Medium,Bronze
CUST-0299,Customer_299,West,Chengdu,At-Risk,2022-03-11,21,4044.81,192.61,2025-10-14,Low,Silver
CUST-0300,Customer_300,Central,Changsha,Premium,2022-04-10,63,29489.67,468.09,2025-04-13,Low,Silver
CUST-0301,Customer_301,East,Shanghai,Premium,2021-03-16,57,10890.42,191.06,2025-08-07,Low,Silver
CUST-0302,Customer_302,East,Nanjing,New,2023-05-02,0,0,0,,High,Bronze
CUST-0303,Customer_303,East,Hangzhou,Premium,2021-10-02,12,5951.88,495.99,2025-07-28,Medium,Bronze
CUST-0304,Customer_304,Central,Wuhan,At-Risk,2023-10-10,70,55797.0,797.1,2024-12-14,Low,Gold
CUST-0305,Customer_305,North,Shenyang,New,2022-05-19,39,17659.59,452.81,2025-03-11,Low,Silver
CUST-0306,Customer_306,North,Beijing,New,2021-10-08,33,21838.41,661.77,2024-06-05,Low,Silver
CUST-0307,Customer_307,West,Chengdu,New,2021-06-03,63,17721.27,281.29,2024-11-03,Low,Silver
CUST-0308,Customer_308,North,Tianjin,New,2022-01-14,11,7723.43,702.13,2025-06-21,Medium,Bronze
CUST-0309,Customer_309,North,Tianjin,Premium,2021-07-14,33,20658.0,626.0,2024-11-21,Low,Bronze
CUST-0310,Customer_310,South,Xiamen,Regular,2024-04-07,10,2236.4,223.64,2024-10-10,Medium,Silver
CUST-0311,Customer_311,Central,Changsha,Premium,2024-01-30,73,51299.29,702.73,2025-07-13,Low,Silver
CUST-0312,Customer_312,Central,Changsha,New,2021-07-25,51,31325.73,614.23,2024-02-11,Low,Silver
CUST-0313,Customer_313,West,Chengdu,New,2022-07-06,6,916.02,152.67,2024-04-06,Medium,Bronze
CUST-0314,Customer_314,Central,Wuhan,Premium,2023-09-04,5,2009.6,401.92,2025-01-04,Medium,Silver
CUST-0315,Customer_315,North,Tianjin,Regular,2024-04-25,71,51210.17,721.27,2024-09-10,Low,Gold
CUST-0316,Customer_316,South,Shenzhen,Premium,2021-02-04,60,12828.6,213.81,2025-12-26,Low,Gold
CUST-0317,Customer_317,Central,Wuhan,At-Risk,2021-01-11,66,46615.8,706.3,2025-08-13,Low,Bronze
CUST-0318,Customer_318,South,Guangzhou,Regular,2021-05-02,55,11454.3,208.26,2025-11-13,Low,Silver
CUST-0319,Customer_319,Central,Zhengzhou,New,2021-10-06,51,39794.79,780.29,2025-02-25,Low,Bronze
CUST-0320,Customer_320,East,Hangzhou,Regular,2024-06-16,15,8702.7,580.18,2024-09-18,Medium,Bronze
CUST-0321,Customer_321,West,Chengdu,Premium,2023-04-11,75,14502.75,193.37,2024-09-16,Low,Bronze
CUST-0322,Customer_322,Central,Wuhan,Premium,2022-05-25,16,9332.8,583.3,2024-08-24,Medium,Bronze
CUST-0323,Customer_323,North,Shenyang,Premium,2023-03-20,17,13156.47,773.91,2024-10-10,Medium,Bronze
CUST-0324,Customer_324,Central,Wuhan,Regular,2021-08-15,1,360.02,360.02,2024-12-15,Medium,Silver
CUST-0325,Customer_325,South,Shenzhen,Premium,2023-01-26,41,32100.54,782.94,2025-01-22,Low,Bronze
CUST-0326,Customer_326,East,Hangzhou,Regular,2021-10-26,26,8889.66,341.91,2024-07-11,Low,Bronze
CUST-0327,Customer_327,South,Guangzhou,At-Risk,2022-07-15,55,4768.5,86.7,2024-01-04,Low,Silver
CUST-0328,Customer_328,South,Shenzhen,Premium,2023-07-29,67,17875.6,266.8,2025-02-27,Low,Gold
CUST-0329,Customer_329,East,Shanghai,New,2022-07-27,22,8131.42,369.61,2024-01-15,Low,Silver
CUST-0330,Customer_330,Central,Wuhan,At-Risk,2022-12-14,38,20261.22,533.19,2025-04-05,Low,Silver
CUST-0331,Customer_331,East,Hangzhou,At-Risk,2022-07-07,20,8205.2,410.26,2025-03-24,Medium,Bronze
CUST-0332,Customer_332,North,Beijing,At-Risk,2023-02-27,28,22116.36,789.87,2025-07-18,Low,Bronze
CUST-0333,Customer_333,South,Shenzhen,New,2023-01-30,66,15913.26,241.11,2024-04-11,Low,Silver
CUST-0334,Customer_334,Central,Zhengzhou,At-Risk,2021-02-11,8,3802.96,475.37,2024-04-19,Medium,Silver
CUST-0335,Customer_335,East,Hangzhou,Regular,2024-02-13,78,37503.18,480.81,2025-06-26,Low,Bronze
CUST-0336,Customer_336,West,Xi'an,Premium,2021-11-02,2,591.06,295.53,2025-12-07,Medium,Bronze
CUST-0337,Customer_337,West,Xi'an,New,2021-01-03,61,11898.66,195.06,2024-04-21,Low,Bronze
CUST-0338,Customer_338,West,Chongqing,New,2024-04-15,25,13041.0,521.64,2025-11-16,Low,Bronze
CUST-0339,Customer_339,Central,Changsha,New,2021-07-16,48,19386.72,403.89,2024-07-19,Low,Bronze
CUST-0340,Customer_340,East,Shanghai,New,2023-01-01,60,37151.4,619.19,2025-06-29,Low,Silver
CUST-0341,Customer_341,South,Guangzhou,Premium,2021-06-06,13,6160.31,473.87,2024-05-20,Medium,Silver
CUST-0342,Customer_342,North,Beijing,At-Risk,2023-04-25,68,54193.96,796.97,2024-03-15,Low,Gold
CUST-0343,Customer_343,Central,Zhengzhou,Regular,2022-03-29,27,5773.95,213.85,2024-04-09,Low,Platinum
CUST-0344,Customer_344,North,Shenyang,At-Risk,2021-09-04,35,18629.1,532.26,2025-04-05,Low,Bronze
CUST-0345,Customer_345,North,Tianjin,Regular,2024-06-06,15,1801.95,120.13,2024-09-13,Medium,Bronze
CUST-0346,Customer_346,Central,Changsha,Regular,2021-04-01,60,34005.0,566.75,2025-07-08,Low,Gold
CUST-0347,Customer_347,North,Tianjin,Regular,2023-04-24,42,5252.94,125.07,2025-05-30,Low,Bronze
CUST-0348,Customer_348,Central,Zhengzhou,Premium,2023-05-25,44,33043.56,750.99,2025-04-08,Low,Bronze
CUST-0349,Customer_349,South,Shenzhen,Premium,2024-03-16,2,1100.94,550.47,2024-07-16,Medium,Gold
CUST-0350,Customer_350,South,Shenzhen,Premium,2022-01-03,25,16761.5,670.46,2024-07-21,Low,Gold
CUST-0351,Customer_351,West,Chengdu,At-Risk,2022-04-08,79,11920.31,150.89,2024-04-30,Low,Bronze
CUST-0352,Customer_352,South,Guangzhou,New,2023-06-04,19,10752.86,565.94,2024-06-11,Medium,Silver
CUST-0353,Customer_353,North,Beijing,New,2021-03-13,68,12329.76,181.32,2025-03-06,Low,Gold
CUST-0354,Customer_354,South,Shenzhen,Premium,2021-11-11,53,6960.49,131.33,2024-08-22,Low,Bronze
CUST-0355,Customer_355,South,Guangzhou,New,2023-07-17,20,13431.6,671.58,2025-08-31,Medium,Bronze
CUST-0356,Customer_356,Central,Wuhan,At-Risk,2023-05-21,22,11180.62,508.21,2025-03-31,Low,Silver
CUST-0357,Customer_357,East,Nanjing,Regular,2021-02-11,25,8859.0,354.36,2025-01-19,Low,Bronze
CUST-0358,Customer_358,West,Chengdu,Premium,2021-09-17,6,1333.8,222.3,2025-12-18,Medium,Bronze
CUST-0359,Customer_359,North,Shenyang,At-Risk,2023-03-20,74,43241.16,584.34,2024-05-18,Low,Gold
CUST-0360,Customer_360,South,Xiamen,Regular,2021-09-16,30,21930.0,731.0,2025-06-04,Low,Bronze
CUST-0361,Customer_361,Central,Wuhan,Regular,2024-01-09,70,7887.6,112.68,2025-06-21,Low,Bronze
CUST-0362,Customer_362,East,Hangzhou,New,2024-01-30,17,11408.36,671.08,2024-02-15,Medium,Silver
CUST-0363,Customer_363,South,Shenzhen,Regular,2021-07-03,66,10617.42,160.87,2025-03-28,Low,Gold
CUST-0364,Customer_364,Central,Wuhan,New,2023-08-02,21,11781.0,561.0,2024-12-11,Low,Platinum
CUST-0365,Customer_365,North,Beijing,Premium,2021-03-04,10,2918.7,291.87,2025-10-14,Medium,Bronze
CUST-0366,Customer_366,North,Shenyang,Regular,2023-09-12,12,4550.76,379.23,2025-07-05,Medium,Bronze
CUST-0367,Customer_367,North,Shenyang,Premium,2021-11-03,45,12808.35,284.63,2025-11-19,Low,Gold
CUST-0368,Customer_368,Central,Changsha,New,2022-08-22,33,5592.18,169.46,2025-07-12,Low,Bronze
CUST-0369,Customer_369,Central,Changsha,At-Risk,2022-08-12,62,27383.54,441.67,2024-03-19,Low,Gold
CUST-0370,Customer_370,East,Nanjing,Premium,2022-10-06,48,19279.68,401.66,2025-06-03,Low,Silver
CUST-0371,Customer_371,North,Beijing,Premium,2021-01-06,33,23573.22,714.34,2025-01-21,Low,Silver
CUST-0372,Customer_372,East,Shanghai,New,2023-11-23,35,15663.55,447.53,2025-02-18,Low,Silver
CUST-0373,Customer_373,North,Beijing,At-Risk,2021-11-02,34,14747.84,433.76,2024-11-25,Low,Silver
CUST-0374,Customer_374,North,Tianjin,New,2021-12-15,73,24198.77,331.49,2024-02-12,Low,Bronze
CUST-0375,Customer_375,North,Shenyang,At-Risk,2021-04-19,52,10708.88,205.94,2025-02-24,Low,Bronze
CUST-0376,Customer_376,Central,Changsha,At-Risk,2024-06-19,45,28795.05,639.89,2024-01-18,Low,Bronze
CUST-0377,Customer_377,Central,Wuhan,Regular,2021-05-13,7,1756.02,250.86,2024-02-18,Medium,Bronze
CUST-0378,Customer_378,West,Chongqing,Premium,2024-02-13,67,40459.96,603.88,2024-09-24,Low,Bronze
CUST-0379,Customer_379,East,Nanjing,Regular,2024-01-27,60,25430.4,423.84,2024-09-11,Low,Bronze
CUST-0380,Customer_380,West,Xi'an,Regular,2023-12-19,8,2798.24,349.78,2024-09-05,Medium,Gold
CUST-0381,Customer_381,North,Beijing,At-Risk,2024-06-21,37,21996.13,594.49,2025-06-18,Low,Bronze
CUST-0382,Customer_382,East,Hangzhou,New,2021-11-21,2,464.08,232.04,2025-03-05,Medium,Bronze
CUST-0383,Customer_383,South,Guangzhou,At-Risk,2022-03-15,13,3668.47,282.19,2024-09-14,Medium,Gold
CUST-0384,Customer_384,North,Tianjin,New,2023-03-10,20,6320.2,316.01,2025-01-17,Medium,Bronze
CUST-0385,Customer_385,North,Beijing,At-Risk,2022-04-15,47,14332.65,304.95,2025-11-30,Low,Gold
CUST-0386,Customer_386,South,Xiamen,Premium,2021-06-23,60,19977.0,332.95,2025-02-25,Low,Bronze
CUST-0387,Customer_387,East,Nanjing,Premium,2022-04-08,13,4241.64,326.28,2025-07-23,Medium,Bronze
CUST-0388,Customer_388,Central,Wuhan,New,2022-11-11,17,6787.42,399.26,2025-12-14,Medium,Gold
CUST-0389,Customer_389,East,Shanghai,New,2021-04-28,37,8477.07,229.11,2024-08-09,Low,Silver
CUST-0390,Customer_390,East,Shanghai,New,2024-04-17,40,28504.4,712.61,2024-05-05,Low,Silver
CUST-0391,Customer_391,South,Shenzhen,Premium,2021-07-04,12,7001.76,583.48,2025-04-10,Medium,Bronze
CUST-0392,Customer_392,North,Shenyang,Premium,2024-05-27,25,5770.5,230.82,2024-04-03,Low,Bronze
CUST-0393,Customer_393,South,Guangzhou,Regular,2021-10-03,51,27184.02,533.02,2024-08-19,Low,Platinum
CUST-0394,Customer_394,West,Chengdu,Premium,2021-06-21,78,48439.56,621.02,2025-05-23,Low,Bronze
CUST-0395,Customer_395,East,Hangzhou,Premium,2023-08-04,64,44401.92,693.78,2025-07-19,Low,Bronze
CUST-0396,Customer_396,Central,Wuhan,Premium,2022-01-14,26,17296.76,665.26,2024-01-31,Low,Bronze
CUST-0397,Customer_397,East,Hangzhou,Premium,2024-01-31,16,10851.2,678.2,2025-06-20,Medium,Bronze
CUST-0398,Customer_398,South,Xiamen,At-Risk,2022-11-15,60,31657.8,527.63,2025-05-24,Low,Silver
CUST-0399,Customer_399,East,Nanjing,Premium,2023-05-01,0,0,0,,High,Bronze
CUST-0400,Customer_400,Central,Changsha,Regular,2023-03-14,47,23843.57,507.31,2024-12-20,Low,Gold
CUST-0401,Customer_401,North,Beijing,New,2024-05-21,9,5907.51,656.39,2025-06-22,Medium,Bronze
CUST-0402,Customer_402,Central,Zhengzhou,Premium,2024-01-10,37,8117.06,219.38,2025-02-10,Low,Bronze
CUST-0403,Customer_403,East,Shanghai,Regular,2023-04-15,24,4270.8,177.95,2024-06-10,Low,Bronze
CUST-0404,Customer_404,Central,Changsha,Regular,2021-05-31,30,11654.1,388.47,2024-12-09,Low,Silver
CUST-0405,Customer_405,North,Beijing,New,2021-03-16,37,5458.98,147.54,2025-07-02,Low,Silver
CUST-0406,Customer_406,North,Tianjin,Premium,2022-11-23,30,12578.4,419.28,2025-02-08,Low,Silver
CUST-0407,Customer_407,North,Shenyang,Premium,2021-08-27,16,5918.24,369.89,2024-01-19,Medium,Bronze
CUST-0408,Customer_408,South,Shenzhen,Regular,2023-01-10,49,17070.13,348.37,2025-09-14,Low,Gold
CUST-0409,Customer_409,North,Tianjin,Regular,2023-07-23,9,2612.52,290.28,2024-08-05,Medium,Gold
CUST-0410,Customer_410,South,Shenzhen,New,2022-11-29,45,4006.8,89.04,2025-03-16,Low,Bronze
CUST-0411,Customer_411,South,Guangzhou,Premium,2023-09-22,80,54845.6,685.57,2025-03-10,Low,Bronze
CUST-0412,Customer_412,South,Xiamen,Regular,2023-12-11,33,8837.4,267.8,2024-02-11,Low,Gold
CUST-0413,Customer_413,East,Nanjing,Premium,2023-12-17,57,36205.26,635.18,2024-12-16,Low,Silver
CUST-0414,Customer_414,West,Xi'an,Regular,2023-04-15,5,1044.85,208.97,2025-10-22,Medium,Silver
CUST-0415,Customer_415,North,Beijing,Premium,2023-01-29,57,32394.81,568.33,2024-01-19,Low,Bronze
CUST-0416,Customer_416,North,Shenyang,New,2024-03-02,74,42968.84,580.66,2024-10-23,Low,Silver
CUST-0417,Customer_417,South,Shenzhen,At-Risk,2022-06-07,74,48506.26,655.49,2025-02-16,Low,Bronze
CUST-0418,Customer_418,Central,Changsha,At-Risk,2024-03-18,48,33704.64,702.18,2025-11-03,Low,Silver
CUST-0419,Customer_419,Central,Changsha,At-Risk,2021-07-03,66,17929.56,271.66,2025-07-02,Low,Bronze
CUST-0420,Customer_420,Central,Zhengzhou,Regular,2021-10-28,42,19908.0,474.0,2024-10-28,Low,Platinum
CUST-0421,Customer_421,Central,Zhengzhou,Regular,2021-12-25,24,3150.48,131.27,2024-08-16,Low,Silver
CUST-0422,Customer_422,South,Guangzhou,At-Risk,2024-02-29,71,54703.37,770.47,2024-02-26,Low,Silver
CUST-0423,Customer_423,North,Shenyang,At-Risk,2021-11-14,50,26509.0,530.18,2025-04-13,Low,Bronze
CUST-0424,Customer_424,North,Shenyang,At-Risk,2021-12-23,27,7617.51,282.13,2024-08-21,Low,Bronze
CUST-0425,Customer_425,South,Guangzhou,New,2022-05-15,66,10156.74,153.89,2025-07-28,Low,Bronze
CUST-0426,Customer_426,East,Shanghai,New,2023-04-15,15,11793.0,786.2,2025-12-12,Medium,Bronze
CUST-0427,Customer_427,West,Chongqing,Premium,2024-01-30,18,6384.06,354.67,2025-01-02,Medium,Bronze
CUST-0428,Customer_428,South,Guangzhou,New,2021-07-11,70,23578.1,336.83,2025-01-22,Low,Silver
CUST-0429,Customer_429,North,Beijing,Premium,2024-02-25,61,40050.16,656.56,2024-04-10,Low,Bronze
CUST-0430,Customer_430,South,Shenzhen,New,2024-03-16,43,33770.48,785.36,2024-05-03,Low,Silver
CUST-0431,Customer_431,South,Guangzhou,At-Risk,2024-01-14,19,4378.55,230.45,2024-11-14,Medium,Bronze
CUST-0432,Customer_432,East,Nanjing,Premium,2021-03-02,21,8585.01,408.81,2024-08-17,Low,Platinum
CUST-0433,Customer_433,Central,Zhengzhou,At-Risk,2023-03-09,8,6390.64,798.83,2024-04-29,Medium,Bronze
CUST-0434,Customer_434,West,Xi'an,Regular,2021-06-03,10,5512.4,551.24,2025-09-18,Medium,Silver
CUST-0435,Customer_435,North,Beijing,Premium,2023-02-08,67,6163.33,91.99,2025-10-25,Low,Silver
CUST-0436,Customer_436,East,Nanjing,Premium,2022-10-21,6,2339.1,389.85,2024-06-30,Medium,Bronze
CUST-0437,Customer_437,Central,Wuhan,At-Risk,2023-04-23,80,12619.2,157.74,2025-01-12,Low,Silver
CUST-0438,Customer_438,East,Hangzhou,Premium,2023-10-12,56,21393.12,382.02,2024-10-15,Low,Silver
CUST-0439,Customer_439,North,Shenyang,At-Risk,2021-10-14,51,31733.22,622.22,2025-02-25,Low,Bronze
CUST-0440,Customer_440,Central,Wuhan,New,2021-02-09,71,46079.0,649.0,2025-05-18,Low,Bronze
CUST-0441,Customer_441,West,Chongqing,Premium,2021-11-26,72,41361.12,574.46,2025-09-08,Low,Gold
CUST-0442,Customer_442,East,Shanghai,At-Risk,2023-12-10,68,16802.8,247.1,2024-07-18,Low,Gold
CUST-0443,Customer_443,West,Chengdu,Premium,2021-09-29,40,12736.4,318.41,2024-06-24,Low,Silver
CUST-0444,Customer_444,West,Chengdu,At-Risk,2024-01-21,10,3981.9,398.19,2024-07-28,Medium,Bronze
CUST-0445,Customer_445,South,Xiamen,Premium,2021-06-10,77,13285.58,172.54,2025-01-23,Low,Gold
CUST-0446,Customer_446,West,Chengdu,New,2021-09-29,59,24886.79,421.81,2025-08-10,Low,Bronze
CUST-0447,Customer_447,West,Chengdu,Regular,2022-03-23,57,6027.75,105.75,2025-11-14,Low,Bronze
CUST-0448,Customer_448,East,Hangzhou,Premium,2021-12-12,74,21627.98,292.27,2024-05-24,Low,Bronze
CUST-0449,Customer_449,East,Nanjing,Premium,2021-07-13,55,14109.7,256.54,2024-02-24,Low,Silver
CUST-0450,Customer_450,South,Xiamen,New,2021-07-28,50,20140.0,402.8,2024-04-20,Low,Bronze
CUST-0451,Customer_451,West,Xi'an,At-Risk,2023-11-18,21,15463.98,736.38,2024-03-17,Low,Platinum
CUST-0452,Customer_452,South,Xiamen,Premium,2023-10-04,75,33913.5,452.18,2024-07-05,Low,Gold
CUST-0453,Customer_453,South,Guangzhou,At-Risk,2021-12-18,73,33550.07,459.59,2025-05-18,Low,Bronze
CUST-0454,Customer_454,Central,Zhengzhou,Regular,2023-05-23,29,20475.45,706.05,2025-07-06,Low,Silver
CUST-0455,Customer_455,North,Shenyang,Regular,2024-01-19,40,14252.8,356.32,2024-12-12,Low,Silver
CUST-0456,Customer_456,West,Xi'an,Premium,2023-10-07,75,34383.75,458.45,2025-10-13,Low,Silver
CUST-0457,Customer_457,North,Tianjin,At-Risk,2021-05-06,51,35479.68,695.68,2025-05-23,Low,Silver
CUST-0458,Customer_458,West,Xi'an,Regular,2021-02-01,46,28676.4,623.4,2025-01-20,Low,Bronze
CUST-0459,Customer_459,North,Shenyang,Regular,2022-01-05,28,14612.64,521.88,2024-12-01,Low,Bronze
CUST-0460,Customer_460,North,Tianjin,New,2021-01-31,42,19081.02,454.31,2025-04-03,Low,Bronze
CUST-0461,Customer_461,East,Hangzhou,Regular,2021-05-30,66,35539.68,538.48,2024-06-27,Low,Gold
CUST-0462,Customer_462,Central,Wuhan,New,2024-03-08,50,38834.5,776.69,2025-08-31,Low,Bronze
CUST-0463,Customer_463,Central,Changsha,New,2022-04-27,55,28466.9,517.58,2025-07-08,Low,Silver
CUST-0464,Customer_464,Central,Wuhan,Regular,2021-09-17,4,2752.6,688.15,2024-02-04,High,Bronze
CUST-0465,Customer_465,South,Xiamen,At-Risk,2024-05-10,32,13776.64,430.52,2024-10-25,Low,Bronze
CUST-0466,Customer_466,East,Nanjing,New,2024-06-02,65,30235.4,465.16,2024-03-08,Low,Bronze
CUST-0467,Customer_467,East,Hangzhou,At-Risk,2024-01-23,64,25178.24,393.41,2024-02-06,Low,Bronze
CUST-0468,Customer_468,West,Chengdu,New,2022-01-02,30,21642.0,721.4,2025-02-15,Low,Silver
CUST-0469,Customer_469,West,Chengdu,Regular,2021-02-23,78,30342.0,389.0,2025-01-24,Low,Bronze
CUST-0470,Customer_470,Central,Wuhan,At-Risk,2023-10-11,78,35033.7,449.15,2025-01-28,Low,Bronze
CUST-0471,Customer_471,Central,Changsha,At-Risk,2023-11-02,63,37100.7,588.9,2024-06-06,Low,Bronze
CUST-0472,Customer_472,South,Guangzhou,Regular,2023-10-09,4,2571.6,642.9,2025-06-28,Medium,Silver
CUST-0473,Customer_473,Central,Wuhan,At-Risk,2022-01-17,80,51544.0,644.3,2025-01-12,Low,Gold
CUST-0474,Customer_474,East,Shanghai,New,2023-03-11,48,28596.96,595.77,2024-12-05,Low,Bronze
CUST-0475,Customer_475,Central,Wuhan,Premium,2021-09-13,21,5453.7,259.7,2025-07-08,Low,Gold
CUST-0476,Customer_476,East,Hangzhou,New,2022-05-30,23,17265.41,750.67,2025-02-06,Low,Silver
CUST-0477,Customer_477,West,Chengdu,Regular,2022-12-24,78,21108.36,270.62,2025-10-15,Low,Silver
CUST-0478,Customer_478,South,Xiamen,New,2023-03-13,28,19592.16,699.72,2024-07-18,Low,Bronze
CUST-0479,Customer_479,Central,Wuhan,New,2023-04-10,21,5156.55,245.55,2025-12-01,Low,Bronze
CUST-0480,Customer_480,East,Shanghai,New,2023-09-17,22,16180.34,735.47,2024-12-17,Low,Silver
CUST-0481,Customer_481,Central,Wuhan,At-Risk,2024-04-21,28,19635.0,701.25,2024-08-15,Low,Silver
CUST-0482,Customer_482,Central,Changsha,New,2021-07-29,28,19469.52,695.34,2025-05-31,Low,Gold
CUST-0483,Customer_483,West,Chongqing,New,2021-02-22,62,27230.4,439.2,2025-01-30,Low,Bronze
CUST-0484,Customer_484,Central,Zhengzhou,Premium,2024-06-03,41,25296.59,616.99,2025-11-27,Low,Silver
CUST-0485,Customer_485,East,Shanghai,Premium,2022-02-02,39,20322.9,521.1,2024-05-02,Low,Bronze
CUST-0486,Customer_486,Central,Changsha,Premium,2021-08-20,61,30454.25,499.25,2024-06-17,Low,Platinum
CUST-0487,Customer_487,Central,Changsha,New,2024-04-06,30,7555.5,251.85,2024-02-08,Low,Gold
CUST-0488,Customer_488,East,Shanghai,At-Risk,2022-09-22,11,3233.23,293.93,2025-04-09,Medium,Gold
CUST-0489,Customer_489,East,Shanghai,Premium,2022-03-20,22,7140.76,324.58,2024-08-07,Low,Bronze
CUST-0490,Customer_490,West,Xi'an,Premium,2022-05-03,54,20817.0,385.5,2024-11-20,Low,Platinum
CUST-0491,Customer_491,Central,Zhengzhou,Regular,2021-08-12,36,27460.44,762.79,2024-03-30,Low,Platinum
CUST-0492,Customer_492,East,Shanghai,At-Risk,2023-02-24,78,34858.98,446.91,2024-05-04,Low,Bronze
CUST-0493,Customer_493,Central,Zhengzhou,Premium,2024-05-24,16,9893.12,618.32,2024-01-07,Medium,Silver
CUST-0494,Customer_494,South,Shenzhen,New,2023-04-04,20,14352.8,717.64,2024-12-04,Medium,Bronze
CUST-0495,Customer_495,West,Chongqing,Premium,2022-10-27,74,31807.42,429.83,2025-04-05,Low,Bronze
CUST-0496,Customer_496,East,Hangzhou,Regular,2021-10-11,63,36513.54,579.58,2025-06-06,Low,Silver
CUST-0497,Customer_497,East,Nanjing,New,2024-04-19,54,41763.6,773.4,2024-11-20,Low,Bronze
CUST-0498,Customer_498,Central,Zhengzhou,Regular,2023-10-26,16,4454.56,278.41,2025-09-21,Medium,Bronze
CUST-0499,Customer_499,North,Shenyang,At-Risk,2022-11-12,3,456.27,152.09,2024-01-07,High,Bronze
CUST-0500,Customer_500,North,Beijing,New,2023-02-02,29,14202.75,489.75,2024-08-25,Low,Gold
CUST-0501,Customer_501,South,Shenzhen,Premium,2022-10-30,40,4077.2,101.93,2024-01-06,Low,Silver
CUST-0502,Customer_502,West,Chengdu,Regular,2023-05-22,71,42857.02,603.62,2025-11-29,Low,Gold
CUST-0503,Customer_503,East,Hangzhou,At-Risk,2023-03-02,75,38622.75,514.97,2025-05-17,Low,Gold
CUST-0504,Customer_504,South,Guangzhou,At-Risk,2023-06-23,37,19697.32,532.36,2024-06-02,Low,Bronze
CUST-0505,Customer_505,South,Guangzhou,Regular,2023-01-26,36,7446.96,206.86,2024-03-12,Low,Bronze
CUST-0506,Customer_506,South,Xiamen,Premium,2021-10-01,24,16254.0,677.25,2024-05-09,Low,Silver
CUST-0507,Customer_507,South,Xiamen,Premium,2022-09-17,79,9436.55,119.45,2025-01-21,Low,Bronze
CUST-0508,Customer_508,North,Shenyang,Regular,2023-05-01,33,13765.95,417.15,2024-07-27,Low,Bronze
CUST-0509,Customer_509,West,Chongqing,Premium,2023-12-27,21,13129.2,625.2,2025-02-17,Low,Bronze
CUST-0510,Customer_510,North,Shenyang,At-Risk,2021-12-29,23,16672.47,724.89,2025-05-06,Low,Silver
CUST-0511,Customer_511,East,Nanjing,New,2024-02-26,80,19937.6,249.22,2024-05-18,Low,Silver
CUST-0512,Customer_512,Central,Wuhan,New,2021-10-19,79,9296.72,117.68,2025-11-16,Low,Bronze
CUST-0513,Customer_513,West,Xi'an,Regular,2021-07-29,50,4491.0,89.82,2024-07-05,Low,Bronze
CUST-0514,Customer_514,North,Shenyang,At-Risk,2021-12-26,8,3143.04,392.88,2024-08-08,Medium,Gold
CUST-0515,Customer_515,South,Xiamen,Regular,2021-03-01,41,7639.94,186.34,2024-06-07,Low,Bronze
CUST-0516,Customer_516,Central,Changsha,Regular,2023-04-24,21,16096.71,766.51,2025-03-13,Low,Bronze
CUST-0517,Customer_517,Central,Wuhan,New,2022-04-29,70,32409.3,462.99,2024-08-30,Low,Bronze
CUST-0518,Customer_518,East,Nanjing,New,2022-05-16,73,50499.21,691.77,2025-07-07,Low,Silver
CUST-0519,Customer_519,Central,Zhengzhou,New,2023-05-06,15,6252.45,416.83,2025-10-22,Medium,Silver
CUST-0520,Customer_520,West,Chengdu,Regular,2023-03-17,37,8707.95,235.35,2024-01-21,Low,Bronze
CUST-0521,Customer_521,East,Hangzhou,At-Risk,2024-06-05,14,2594.9,185.35,2025-04-02,Medium,Bronze
CUST-0522,Customer_522,Central,Zhengzhou,Premium,2022-01-18,73,13194.75,180.75,2024-03-12,Low,Gold
CUST-0523,Customer_523,East,Shanghai,At-Risk,2023-12-16,63,37111.41,589.07,2024-08-07,Low,Silver
CUST-0524,Customer_524,East,Shanghai,Regular,2021-09-25,19,1350.14,71.06,2025-11-22,Medium,Bronze
CUST-0525,Customer_525,North,Beijing,New,2023-03-25,6,2765.88,460.98,2024-06-26,Medium,Platinum
CUST-0526,Customer_526,North,Tianjin,At-Risk,2024-05-27,59,25899.23,438.97,2025-06-02,Low,Bronze
CUST-0527,Customer_527,West,Chongqing,Regular,2023-02-02,65,20671.3,318.02,2024-08-30,Low,Bronze
CUST-0528,Customer_528,West,Chengdu,Premium,2022-02-18,2,517.2,258.6,2024-11-05,Medium,Silver
CUST-0529,Customer_529,West,Xi'an,Premium,2024-03-18,73,21210.15,290.55,2025-04-16,Low,Gold
CUST-0530,Customer_530,South,Shenzhen,Premium,2021-02-16,19,10111.42,532.18,2024-06-20,Medium,Bronze
CUST-0531,Customer_531,Central,Changsha,New,2021-02-19,11,3047.99,277.09,2025-05-04,Medium,Silver
CUST-0532,Customer_532,Central,Wuhan,Premium,2024-06-07,25,18343.5,733.74,2025-08-13,Low,Silver
CUST-0533,Customer_533,West,Chengdu,Regular,2024-04-30,63,7541.1,119.7,2024-04-27,Low,Gold
CUST-0534,Customer_534,North,Shenyang,Regular,2021-11-07,14,2876.02,205.43,2024-04-30,Medium,Bronze
CUST-0535,Customer_535,West,Chongqing,At-Risk,2021-10-13,6,818.22,136.37,2025-11-20,Medium,Gold
CUST-0536,Customer_536,North,Tianjin,At-Risk,2021-08-03,16,11759.36,734.96,2024-02-12,Medium,Gold
CUST-0537,Customer_537,North,Tianjin,Regular,2022-12-04,67,41537.32,619.96,2024-09-11,Low,Gold
CUST-0538,Customer_538,Central,Changsha,Regular,2021-03-17,37,17719.67,478.91,2025-03-17,Low,Silver
CUST-0539,Customer_539,South,Xiamen,Premium,2022-01-02,58,31202.26,537.97,2025-11-12,Low,Bronze
CUST-0540,Customer_540,Central,Wuhan,Regular,2022-08-01,22,2757.48,125.34,2024-10-18,Low,Platinum
CUST-0541,Customer_541,Central,Changsha,At-Risk,2023-12-11,17,12604.65,741.45,2024-01-09,Medium,Bronze
CUST-0542,Customer_542,East,Shanghai,Regular,2024-05-06,36,11940.48,331.68,2024-01-18,Low,Bronze
CUST-0543,Customer_543,Central,Wuhan,New,2022-12-18,48,32627.04,679.73,2024-03-08,Low,Bronze
CUST-0544,Customer_544,North,Beijing,New,2021-09-20,74,31259.08,422.42,2024-01-18,Low,Bronze
CUST-0545,Customer_545,South,Guangzhou,Premium,2021-10-18,35,6757.45,193.07,2025-01-02,Low,Bronze
CUST-0546,Customer_546,Central,Zhengzhou,At-Risk,2022-09-21,16,3344.16,209.01,2024-01-28,Medium,Silver
CUST-0547,Customer_547,North,Shenyang,Regular,2021-02-22,18,14266.26,792.57,2024-02-25,Medium,Silver
CUST-0548,Customer_548,East,Nanjing,Regular,2023-09-09,29,13576.35,468.15,2024-10-11,Low,Gold
CUST-0549,Customer_549,Central,Changsha,Premium,2023-06-27,10,3734.2,373.42,2025-08-27,Medium,Platinum
CUST-0550,Customer_550,South,Shenzhen,Regular,2022-07-31,67,36017.19,537.57,2024-04-19,Low,Silver
CUST-0551,Customer_551,East,Shanghai,Premium,2022-03-31,36,2674.44,74.29,2024-03-01,Low,Gold
CUST-0552,Customer_552,Central,Zhengzhou,At-Risk,2023-10-14,72,52966.8,735.65,2025-10-17,Low,Silver
CUST-0553,Customer_553,West,Chongqing,Premium,2023-01-30,56,27585.04,492.59,2024-12-22,Low,Silver
CUST-0554,Customer_554,West,Chengdu,Regular,2022-05-30,61,41551.98,681.18,2024-05-20,Low,Bronze
CUST-0555,Customer_555,East,Hangzhou,At-Risk,2021-01-06,14,1163.26,83.09,2024-03-01,Medium,Bronze
CUST-0556,Customer_556,Central,Wuhan,Premium,2022-03-01,3,1963.71,654.57,2025-02-26,Medium,Bronze
CUST-0557,Customer_557,North,Tianjin,At-Risk,2022-07-20,11,4584.14,416.74,2025-03-09,Medium,Bronze
CUST-0558,Customer_558,Central,Wuhan,Premium,2023-01-21,57,7441.35,130.55,2025-08-29,Low,Platinum
CUST-0559,Customer_559,North,Tianjin,Premium,2023-08-08,10,1966.1,196.61,2024-02-13,Medium,Silver
CUST-0560,Customer_560,North,Beijing,Premium,2023-08-05,29,8673.9,299.1,2024-02-18,Low,Bronze
CUST-0561,Customer_561,East,Hangzhou,New,2023-10-05,38,7585.56,199.62,2025-02-14,Low,Gold
CUST-0562,Customer_562,South,Shenzhen,Premium,2024-03-03,55,10245.95,186.29,2025-06-28,Low,Bronze
CUST-0563,Customer_563,East,Hangzhou,At-Risk,2023-05-30,76,18264.32,240.32,2024-01-31,Low,Silver
CUST-0564,Customer_564,Central,Wuhan,New,2022-02-12,25,12630.5,505.22,2024-06-09,Low,Bronze
CUST-0565,Customer_565,West,Chongqing,At-Risk,2023-03-18,55,36706.45,667.39,2024-03-21,Low,Silver
CUST-0566,Customer_566,North,Shenyang,Regular,2021-10-11,60,3854.4,64.24,2024-02-28,Low,Bronze
CUST-0567,Customer_567,West,Chongqing,At-Risk,2021-07-25,39,30178.59,773.81,2025-10-03,Low,Bronze
CUST-0568,Customer_568,North,Beijing,Premium,2023-07-05,75,31068.0,414.24,2025-04-23,Low,Gold
CUST-0569,Customer_569,East,Shanghai,Premium,2022-06-22,74,16795.04,226.96,2025-07-19,Low,Gold
CUST-0570,Customer_570,Central,Changsha,New,2024-03-21,0,0,0,,High,Bronze
CUST-0571,Customer_571,East,Shanghai,Premium,2022-10-11,22,1797.84,81.72,2025-09-17,Low,Bronze
CUST-0572,Customer_572,North,Shenyang,New,2024-05-09,63,47057.85,746.95,2025-02-08,Low,Bronze
CUST-0573,Customer_573,Central,Zhengzhou,Regular,2021-05-14,25,9936.0,397.44,2025-03-25,Low,Bronze
CUST-0574,Customer_574,West,Chongqing,New,2021-07-29,52,38015.12,731.06,2024-04-11,Low,Gold
CUST-0575,Customer_575,West,Chongqing,Premium,2023-09-21,61,29173.86,478.26,2024-09-11,Low,Silver
CUST-0576,Customer_576,South,Guangzhou,At-Risk,2022-01-10,26,15670.98,602.73,2025-06-11,Low,Bronze
CUST-0577,Customer_577,Central,Zhengzhou,Premium,2024-06-04,57,37349.82,655.26,2024-03-09,Low,Bronze
CUST-0578,Customer_578,East,Shanghai,At-Risk,2021-10-13,3,632.28,210.76,2024-02-22,High,Bronze
CUST-0579,Customer_579,Central,Wuhan,Premium,2021-07-02,52,4741.88,91.19,2024-06-11,Low,Bronze
CUST-0580,Customer_580,North,Shenyang,New,2021-07-14,69,52287.51,757.79,2024-03-26,Low,Silver
CUST-0581,Customer_581,Central,Changsha,At-Risk,2021-10-28,14,1576.82,112.63,2025-03-31,Medium,Bronze
CUST-0582,Customer_582,Central,Changsha,New,2023-11-07,3,1984.47,661.49,2024-03-13,High,Bronze
CUST-0583,Customer_583,West,Chongqing,New,2024-01-01,17,2899.18,170.54,2024-05-03,Medium,Silver
CUST-0584,Customer_584,East,Nanjing,Regular,2024-03-15,56,43645.84,779.39,2025-01-17,Low,Silver
CUST-0585,Customer_585,North,Shenyang,Regular,2021-05-07,3,733.89,244.63,2024-02-17,High,Silver
CUST-0586,Customer_586,East,Hangzhou,Premium,2022-01-04,24,8044.56,335.19,2024-03-28,Low,Silver
CUST-0587,Customer_587,West,Chengdu,Premium,2021-11-20,65,46685.6,718.24,2025-11-21,Low,Bronze
CUST-0588,Customer_588,East,Shanghai,At-Risk,2024-02-21,64,10421.12,162.83,2025-02-05,Low,Bronze
CUST-0589,Customer_589,West,Xi'an,Premium,2022-07-02,5,2458.15,491.63,2024-08-22,Medium,Bronze
CUST-0590,Customer_590,East,Shanghai,At-Risk,2021-08-19,45,16666.2,370.36,2025-05-21,Low,Bronze
CUST-0591,Customer_591,South,Shenzhen,At-Risk,2022-08-05,70,32804.8,468.64,2024-12-07,Low,Bronze
CUST-0592,Customer_592,East,Shanghai,At-Risk,2024-04-04,50,9314.5,186.29,2025-10-17,Low,Platinum
CUST-0593,Customer_593,Central,Zhengzhou,New,2024-06-02,48,16214.4,337.8,2024-09-11,Low,Bronze
CUST-0594,Customer_594,Central,Zhengzhou,Premium,2022-06-29,57,24725.46,433.78,2024-06-04,Low,Gold
CUST-0595,Customer_595,North,Beijing,New,2021-07-29,49,7680.75,156.75,2024-12-30,Low,Bronze
CUST-0596,Customer_596,South,Xiamen,At-Risk,2022-07-18,69,31742.07,460.03,2024-01-01,Low,Bronze
CUST-0597,Customer_597,Central,Wuhan,New,2023-12-31,51,22926.03,449.53,2025-05-28,Low,Silver
CUST-0598,Customer_598,North,Tianjin,Regular,2022-06-14,50,20482.0,409.64,2025-06-23,Low,Silver
CUST-0599,Customer_599,Central,Wuhan,At-Risk,2021-02-15,79,53306.83,674.77,2024-04-01,Low,Silver
CUST-0600,Customer_600,South,Shenzhen,Regular,2023-01-03,76,40285.32,530.07,2024-06-16,Low,Bronze
