year_month,revenue,cost_of_goods,gross_profit,gross_margin_pct,operating_expense,marketing_expense,r_and_d_expense,net_profit,net_margin_pct,cash_flow,region,department,budget,budget_variance_pct
2021-01,471205.89,216816.17,254389.72,54.0,128824.13,61308.12,18066.3,125565.59,26.6,137897.6,Central,Operations,498133.2,-5.4
2021-02,533053.11,255224.69,277828.42,52.1,106776.23,35985.27,25217.06,171052.19,32.1,191661.92,East,R&D,558542.72,-4.6
2021-03,463022.5,211576.03,251446.47,54.3,101278.97,48611.26,12282.61,150167.5,32.4,159604.85,South,Marketing,460670.41,0.5
2021-04,435503.01,207466.33,228036.68,52.4,90452.98,39423.08,20619.97,137583.7,31.6,154054.49,East,Sales,476400.36,-8.6
2021-05,497661.47,236265.3,261396.17,52.5,104976.01,48686.33,19430.01,156420.16,31.4,181160.1,Central,Sales,531040.52,-6.3
2021-06,433460.95,201411.23,232049.72,53.5,90762.83,32758.16,19099.04,141286.89,32.6,155841.85,Central,Finance,453817.58,-4.5
2021-07,532681.7,253212.21,279469.49,52.5,130973.15,60974.54,19013.39,148496.34,27.9,164483.27,Central,R&D,534581.36,-0.4
2021-08,422552.21,219126.46,203425.75,48.1,115281.35,35062.3,28450.93,88144.4,20.9,107449.95,Central,Operations,436020.38,-3.1
2021-09,499566.45,237012.7,262553.75,52.6,136931.78,67734.42,21075.58,125621.97,25.1,146769.09,South,R&D,468977.21,6.5
2021-10,593090.61,318913.36,274177.25,46.2,158877.2,76236.32,26594.52,115300.05,19.4,144212.73,West,Sales,596282.25,-0.5
2021-11,664238.83,324880.95,339357.88,51.1,160566.07,80088.55,23506.63,178791.81,26.9,192895.59,East,R&D,666906.11,-0.4
2021-12,488281.09,258561.09,229720.0,47.0,125325.27,57462.28,19055.67,104394.73,21.4,115774.47,East,Finance,440266.93,10.9
2022-01,591518.87,297130.94,294387.93,49.8,135444.91,55752.94,16848.13,158943.02,26.9,179412.38,South,Operations,540011.36,9.5
2022-02,541419.27,255405.08,286014.19,52.8,152976.42,49669.48,26503.92,133037.77,24.6,143948.83,East,Sales,525420.93,3.0
2022-03,504321.1,244606.74,259714.36,51.5,115149.9,54327.97,23006.82,144564.46,28.7,166283.84,North,Sales,469526.68,7.4
2022-04,479952.31,251161.59,228790.72,47.7,116726.84,56455.17,16764.34,112063.88,23.3,122125.65,North,R&D,521509.92,-8.0
2022-05,542654.18,296663.98,245990.2,45.3,113856.37,40106.15,16543.72,132133.83,24.3,148045.58,South,Operations,549590.13,-1.3
2022-06,479175.5,252413.38,226762.12,47.3,107815.47,41321.62,14008.3,118946.65,24.8,132914.56,East,Finance,459753.0,4.2
2022-07,489075.37,258349.45,230725.92,47.2,138596.74,44241.25,24806.84,92129.18,18.8,112095.19,West,Finance,489448.55,-0.1
2022-08,527339.42,261905.89,265433.53,50.3,156168.77,61258.26,36993.84,109264.76,20.7,120229.55,East,Operations,555475.06,-5.1
2022-09,585806.72,281327.23,304479.49,52.0,131375.69,52871.01,15645.69,173103.8,29.5,194367.46,North,Marketing,593489.53,-1.3
2022-10,617195.08,301972.53,315222.55,51.1,148308.41,44669.09,32794.28,166914.14,27.0,195457.76,East,Sales,612284.77,0.8
2022-11,529288.85,282105.36,247183.49,46.7,140255.19,51431.11,16074.63,106928.3,20.2,122128.05,North,Sales,527327.08,0.4
2022-12,546483.63,277866.02,268617.61,49.2,137212.25,60838.58,28160.88,131405.36,24.0,150798.93,East,Sales,553265.41,-1.2
2023-01,543167.23,281126.02,262041.21,48.2,154925.18,55800.71,22717.24,107116.03,19.7,134097.73,West,Marketing,489551.28,11.0
2023-02,656569.6,302987.76,353581.84,53.9,131316.26,55252.38,15515.69,222265.58,33.9,237304.9,West,Finance,617739.24,6.3
2023-03,702516.16,347311.05,355205.11,50.6,144412.96,46842.12,23204.79,210792.15,30.0,245553.27,West,Sales,747515.26,-6.0
2023-04,699778.24,362577.53,337200.71,48.2,200088.56,84723.84,32985.21,137112.15,19.6,164463.62,Central,R&D,655665.32,6.7
2023-05,622855.72,323861.85,298993.87,48.0,137050.12,54284.63,19655.37,161943.75,26.0,176269.8,South,Marketing,633913.13,-1.7
2023-06,593014.93,308228.57,284786.36,48.0,124968.16,47910.2,20460.4,159818.2,27.0,172176.11,East,R&D,587924.76,0.9
2023-07,498732.87,239529.51,259203.36,52.0,131920.28,63142.88,25458.17,127283.08,25.5,137895.59,Central,Operations,539335.55,-7.5
2023-08,714841.2,354443.3,360397.9,50.4,143620.18,47633.49,25147.28,216777.72,30.3,249539.37,South,Operations,673491.95,6.1
2023-09,623235.2,291331.1,331904.1,53.3,134082.99,57814.8,24734.58,197821.11,31.7,218876.77,Central,Operations,667941.59,-6.7
2023-10,690670.31,356278.41,334391.9,48.4,201915.87,63329.3,45612.56,132476.03,19.2,156312.68,South,R&D,754564.91,-8.5
2023-11,734686.31,398744.55,335941.76,45.7,203904.69,82599.09,24348.93,132037.07,18.0,153873.64,Central,Marketing,801571.36,-8.3
2023-12,746503.88,366068.62,380435.26,51.0,152654.75,71809.75,18910.41,227780.51,30.5,244872.62,East,Finance,687712.29,8.5
2024-01,739434.89,405308.55,334126.34,45.2,207674.39,92732.72,28138.34,126451.95,17.1,161200.83,West,R&D,691223.43,7.0
2024-02,782962.92,357181.94,425780.98,54.4,176204.54,54180.02,37441.75,249576.44,31.9,275606.71,West,Operations,763282.69,2.6
2024-03,631355.31,328224.31,303131.0,48.0,150112.87,74722.31,27931.04,153018.13,24.2,169428.34,North,Marketing,600102.58,5.2
2024-04,605335.06,317325.95,288009.11,47.6,147342.37,59777.67,32194.4,140666.74,23.2,154335.54,West,R&D,547736.59,10.5
2024-05,553041.06,256642.17,296398.89,53.6,110897.8,50444.87,20543.18,185501.09,33.5,210904.88,North,Marketing,535422.42,3.3
2024-06,595717.24,280432.39,315284.85,52.9,168443.56,67406.07,25851.5,146841.29,24.6,174835.64,Central,Operations,637825.11,-6.6
2024-07,660283.2,321961.89,338321.31,51.2,136735.91,43157.79,29720.66,201585.4,30.5,220698.49,North,Operations,609827.99,8.3
2024-08,707605.17,341838.38,365766.79,51.7,157372.89,76817.41,37508.41,208393.9,29.5,227882.38,South,Sales,736372.62,-3.9
2024-09,807327.23,369334.21,437993.02,54.3,207915.49,97853.15,49852.18,230077.53,28.5,258335.12,North,Marketing,791054.69,2.1
2024-10,733724.87,338311.33,395413.54,53.9,181301.85,87655.5,25283.99,214111.69,29.2,229446.06,North,Finance,709958.82,3.3
2024-11,730244.5,384454.44,345790.06,47.4,156220.38,63959.35,32818.92,189569.68,26.0,224420.77,East,Marketing,754099.56,-3.2
2024-12,779984.04,413833.17,366150.87,46.9,199976.69,84390.23,45044.85,166174.18,21.3,200668.68,North,Marketing,755936.44,3.2
2025-01,757515.92,387274.91,370241.01,48.9,157608.27,64664.32,38139.64,212632.74,28.1,233930.49,North,Operations,688088.22,10.1
2025-02,731117.1,376549.94,354567.16,48.5,177772.26,64119.55,40438.75,176794.9,24.2,212724.9,North,Operations,661140.9,10.6
2025-03,820989.52,436057.35,384932.17,46.9,208054.0,98213.74,42087.49,176878.17,21.5,211472.79,North,Sales,829609.25,-1.0
2025-04,818641.73,425320.44,393321.29,48.0,198906.91,76652.1,24001.21,194414.38,23.7,221543.01,North,Operations,883665.91,-7.4
2025-05,649319.11,320537.99,328781.12,50.6,133624.84,46288.54,25160.57,195156.28,30.1,212566.98,East,R&D,681457.25,-4.7
2025-06,605550.8,321048.93,284501.87,47.0,173990.24,60893.88,18883.6,110511.63,18.2,123651.86,Central,Finance,598109.29,1.2
2025-07,684981.26,349505.94,335475.32,49.0,197988.68,98918.66,23651.22,137486.64,20.1,159361.21,East,Sales,706569.52,-3.1
2025-08,666058.86,335936.52,330122.34,49.6,166176.97,74288.37,25515.43,163945.37,24.6,195551.88,North,Sales,628797.83,5.9
2025-09,822941.69,394409.9,428531.79,52.1,218379.42,88524.21,30601.57,210152.37,25.5,243837.97,East,R&D,823508.76,-0.1
2025-10,858525.91,446905.81,411620.1,47.9,225094.49,80123.91,29382.31,186525.61,21.7,207228.06,North,R&D,940247.0,-8.7
2025-11,933345.71,439677.66,493668.05,52.9,221426.0,102581.34,26857.69,272242.05,29.2,318290.8,South,R&D,970370.03,-3.8
2025-12,688047.0,367164.25,320882.75,46.6,156207.21,65239.63,22659.72,164675.54,23.9,198357.43,West,Sales,627460.34,9.7
2026-01,786536.68,421801.75,364734.93,46.4,187562.51,57934.89,24544.34,177172.42,22.5,197254.91,Central,Operations,775695.84,1.4
2026-02,640267.68,336972.64,303295.04,47.4,188060.95,90647.41,40089.27,115234.09,18.0,134497.53,North,R&D,682289.42,-6.2
2026-03,709294.13,321121.93,388172.2,54.7,193338.42,82034.67,44441.03,194833.78,27.5,225672.74,East,Finance,770090.07,-7.9
2026-04,817054.13,445496.61,371557.52,45.5,239598.89,85652.7,59572.35,131958.63,16.2,161407.58,North,Sales,804607.95,1.5
2026-05,723232.23,394906.86,328325.37,45.4,178445.44,88959.09,24221.12,149879.93,20.7,184039.18,Central,Finance,691511.28,4.6
2026-06,959617.95,505847.17,453770.78,47.3,220311.48,91256.66,23306.96,233459.3,24.3,260547.49,East,Sales,915235.11,4.8
2026-07,643948.52,309539.3,334409.22,51.9,171340.31,80050.19,38918.05,163068.91,25.3,184521.58,East,Finance,581777.44,10.7
2026-08,651841.2,316711.63,335129.57,51.4,171938.96,70722.22,27732.32,163190.61,25.0,187561.07,North,Operations,597027.47,9.2
2026-09,740488.49,337962.17,402526.32,54.4,161411.97,73151.16,22827.15,241114.35,32.6,275229.88,Central,Finance,685281.0,8.1
2026-10,918796.54,473729.49,445067.05,48.4,205137.17,88397.74,26183.36,239929.88,26.1,272272.97,South,Marketing,907827.74,1.2
2026-11,939654.04,444263.96,495390.08,52.7,277358.04,138233.65,68311.16,218032.04,23.2,237279.49,East,Sales,1004477.18,-6.5
2026-12,1000341.5,510232.07,490109.43,49.0,235053.21,74158.31,39153.26,255056.22,25.5,290399.35,East,Finance,947719.28,5.6
